{
  "n_sl_s1": 1.1634020199634927,
  "n_tp_s1": 1.7034726900570734,
  "n_days_s1": 8,
  "n_sl_s2": 0.9475238632195889,
  "n_tp_s2": 1.8732434498435282,
  "n_days_s2": 8,
  "n_sl_s3": 1.873552677638197,
  "n_tp_s3": 2.580566564046129,
  "n_days_s3": 9,
  "n_high_fac_s1": 0.9945469789344024,
  "n_low_fac_s1": 1.005937054258768,
  "n_high_fac_s2": 0.9820716735996825,
  "n_low_fac_s2": 1.0135323063645894,
  "n_high_fac_s3": 0.9799109227998775,
  "n_low_fac_s3": 1.04609682808634
}